Account ID,AdGroup ID,Report Date,Adult - Suitable Impressions,Crime & Harmful Acts - Suitable Impressions,"Death, Injury & Military Conflict - Suitable Impressions","Drugs, Alcohol & Tobacco - Suitable Impressions",Hate Speech & Acts of Aggression - Suitable Impressions,Misinformation - Suitable Impressions,Online Piracy - Suitable Impressions,Profanity & Obscenity - Suitable Impressions,Debated Sensitive Social Issues - Suitable Impressions,Spam - Suitable Impressions,Terrorism - Suitable Impressions,Arms & Ammunition - Suitable Impressions,Suitable Impressions,Brand Suitability %
6117086388,186228928316,2025-11-10,59468,60055,60133,60058,60269,60278,60277,59882,60220,60276,60268,60176,58497,0.970437
6117086388,187736038042,2025-12-12,128899,129265,129100,129129,129402,129430,129427,129197,129172,129428,129429,129314,127569,0.985599
6021145596,188359075645,2025-12-29,19586,19624,19583,19561,19630,19635,19635,19585,19599,19592,19628,19581,19290,0.982429
6117086388,189766852293,2025-12-17,89550,89677,89567,89470,89719,89727,89723,89584,89668,89707,89722,89675,88843,0.990137
6021145596,188359075845,2025-12-17,70521,70526,70137,70497,71312,71398,71360,69499,71031,71323,71343,70706,65746,0.920799
6021145596,188359075645,2025-12-27,21241,21267,21227,21220,21280,21284,21281,21230,21253,21276,21281,21240,21006,0.986939
6117086388,186228928316,2025-12-20,96422,96501,96432,96343,96522,96543,96542,96382,96521,96530,96542,96505,95895,0.993267
6021145596,190765076798,2025-12-20,308733,309031,308221,307905,309313,309431,309407,307756,309239,309179,309245,308754,303316,0.980213
6021145596,188359075845,2025-12-28,78487,78547,78505,78235,78642,78662,78667,78437,78604,78647,78641,78527,77339,0.983019
6117086388,186228928316,2025-10-28,44085,44156,44103,44067,44180,44187,44185,44103,44179,44176,44184,44148,43735,0.989771
6117086388,185681161146,2025-10-15,235882,236082,235340,235322,236214,236240,236128,235849,236196,236225,236199,236095,233333,0.987661
6117086388,187144642938,2025-11-21,5775,5775,5766,5772,5778,5778,5778,5752,5773,5778,5778,5770,5723,0.990481
8698807816,999,2025-10-21,39538,39538,39538,39538,39538,39538,39538,39538,39538,39538,39538,39538,39538,0.99999
6117086388,186228928316,2025-11-04,58848,58857,58742,58729,58933,58943,58941,58550,58903,58939,58935,58854,57977,0.983611
1068691411,196291455508,2025-11-26,16687,16687,16687,16687,16687,16687,16687,16687,16687,16687,16687,16687,16687,0.99999
6117086388,185681161146,2025-10-12,223336,223995,223707,223423,224080,224119,224091,223745,224075,224097,224103,223922,221461,0.988114
6117086388,187736038042,2025-10-20,95244,95505,95397,95410,95633,95647,95632,95576,95622,95608,95640,95585,94479,0.987768
6117086388,187736038042,2025-10-22,12439,12496,12471,12468,12500,12501,12497,12490,12499,12500,12501,12486,12342,0.987281
6021145596,189902476979,2025-12-19,127524,127800,127453,127596,127769,127869,127860,127660,127597,127825,127836,127690,126260,0.987409
6117086388,186228928316,2025-11-16,116068,115478,115964,115899,116155,116179,116165,115389,115973,116171,116137,115707,114117,0.982252
6117086388,186228928316,2025-12-05,86694,86639,86549,86624,86764,86787,86786,86356,86692,86781,86775,86730,85763,0.98819
6021145596,188359075845,2025-12-21,100424,100442,100378,100205,100611,100672,100654,100183,100580,100601,100642,100394,98699,0.980392
6117086388,186228928316,2025-10-20,140339,140867,140517,140591,140905,140940,140926,140597,140885,140921,140933,140849,138952,0.985839
6021145596,188359075805,2025-12-18,46615,46703,46659,46587,46711,46726,46726,46568,46706,46715,46724,46659,46147,0.987587
6021145596,189902476979,2025-12-11,510219,508885,506420,511524,511722,514214,514097,508906,511400,514025,513734,510313,487546,0.948135
6117086388,185681161146,2025-11-18,20058,19924,20008,20013,20066,20065,20065,19980,20048,20064,20066,19985,19725,0.983006
6117086388,187736038042,2025-10-21,96616,96969,96135,96834,97063,97085,97075,96888,97063,97056,97070,96990,95012,0.978617
6021145596,188359075805,2025-12-22,34727,34817,34787,34753,34818,34826,34816,34760,34819,34808,34817,34800,34486,0.990237
8698807816,999,2025-10-19,42218,42218,42218,42218,42218,42218,42218,42218,42218,42218,42218,42218,42218,0.99999
6117086388,186228928316,2025-12-13,135091,135255,135060,134993,135314,135341,135331,134813,135130,135323,135332,135223,133630,0.987343
6021145596,188359075845,2025-12-18,89757,89944,89626,89544,90272,90343,90316,89404,90162,90263,90301,89948,86769,0.960397
6117086388,187736038042,2025-12-24,111337,111396,111273,111235,111413,111428,111417,111300,111403,111408,111421,111358,110777,0.994158
6117086388,186228928316,2025-11-14,113916,113818,113807,113788,114025,114046,114042,113500,113980,114034,114038,113965,112694,0.988128
6117086388,186228928316,2025-10-27,44229,44282,44248,44211,44287,44294,44294,44237,44292,44295,44293,44252,43980,0.992844
6021145596,188359075845,2025-12-23,87684,87812,87704,87673,87927,87968,87965,87638,87922,87915,87944,87821,86522,0.983517
6117086388,186228928316,2025-12-18,93875,94010,93916,93806,94026,94047,94047,93884,94007,94043,94043,93984,93244,0.991451
6117086388,186228928316,2025-12-14,134839,134957,134799,134754,135026,135046,135033,134519,134784,135023,135040,134959,133407,0.987841
6117086388,187144642938,2025-12-23,282,281,278,280,282,282,282,279,280,282,282,281,271,0.960993
6117086388,189766852293,2025-12-13,99665,99667,99446,99523,99798,99812,99753,99610,99566,99797,99807,99726,98476,0.986615
6117086388,999,2025-10-19,179702,180277,179825,179853,180299,180345,180334,179875,180309,180268,180321,180251,177932,0.986554
1068691411,196291455508,2025-11-20,17678,17678,17678,17678,17678,17678,17678,17678,17678,17678,17678,17678,17678,0.99999
6117086388,185681161146,2025-10-19,208541,209135,208478,208513,209197,209246,209225,208960,209209,209170,209221,209111,206398,0.986361
1068691411,999,2025-11-20,29,29,29,29,29,29,29,29,29,29,29,29,29,0.99999
6117086388,186228928316,2025-12-28,145173,145414,145334,145006,145391,145472,145460,145188,145404,145462,145466,145366,144044,0.99015
6117086388,185681161146,2025-10-11,226562,227216,226544,226605,227243,227331,227258,226940,227289,227295,227296,226991,224054,0.985568
6117086388,187736038042,2025-11-19,168455,168107,168133,168274,168557,168564,168565,167935,168451,168545,168543,168053,166287,0.986463
6021145596,188359075805,2025-12-19,23795,23868,23832,23784,23880,23896,23895,23770,23861,23883,23896,23840,23401,0.979285
6117086388,186228928316,2025-12-17,104911,105035,104950,104913,105082,105096,105091,104817,105019,105090,105094,105008,104140,0.990894
6117086388,185681161146,2025-10-18,220885,221396,220816,220944,221452,221483,221474,221160,221456,221451,221461,221310,219139,0.989417
6117086388,186228928316,2025-11-24,155082,154661,154743,154894,155202,155241,155241,154526,154951,155244,155167,155068,152836,0.984464
6117086388,186228928316,2025-12-21,114231,114296,114173,114124,114315,114357,114353,114169,114324,114334,114341,114241,113437,0.991946
6117086388,186228928316,2025-11-25,112330,112125,112203,112252,112508,112526,112521,111947,112338,112520,112519,112427,110737,0.984075
6117086388,187736038042,2025-12-01,116459,115836,116159,116394,116670,116674,116666,115686,116525,116669,116665,116576,114484,0.981221
6117086388,189766852293,2025-12-22,79556,79607,79488,79443,79637,79647,79640,79592,79626,79617,79630,79424,78852,0.990006
6117086388,189766852293,2025-12-11,83981,83326,83252,82808,84484,84539,84503,82356,83972,84509,84446,83840,77961,0.922081
6117086388,186228928316,2025-11-07,59261,59222,59189,59220,59316,59334,59334,58941,59274,59331,59325,59269,58481,0.985591
6021145596,189902476939,2025-12-18,704860,706664,705150,704455,706571,706988,706969,705090,705822,706817,706834,706213,696948,0.985779
6117086388,187144642938,2025-12-28,77,77,77,77,77,77,77,77,76,77,77,77,76,0.987013
6117086388,187144642938,2025-11-22,628,621,617,626,627,629,629,620,627,629,628,624,595,0.945946
8698807816,185089958853,2025-10-23,25576,25576,25576,25576,25576,25576,25576,25576,25576,25576,25576,25576,25576,0.99999
1068691411,999,2025-11-29,42,42,42,42,42,42,42,42,42,42,42,42,42,0.99999
6117086388,186228928316,2025-11-20,124209,124195,123861,124119,124213,124354,124350,123649,124297,124299,124338,124124,122493,0.985027
6021145596,190765076798,2025-12-18,267088,267838,266732,266402,268193,268410,268370,265976,268140,268246,268246,267433,259826,0.967925
6117086388,187736038042,2025-11-10,50838,51173,51268,51346,51462,51468,51464,51063,51338,51454,51465,51334,49772,0.967047
6117086388,186228928316,2025-11-29,147958,147830,147677,147700,148037,148066,148060,147420,147924,148056,148059,147958,146336,0.988303
6117086388,186228928316,2025-12-01,115454,115371,115254,115394,115579,115597,115598,114783,115513,115591,115585,115513,113960,0.985822
6117086388,187736038042,2025-11-27,129108,128115,128581,128912,129167,129173,129175,128441,128323,129172,129162,129055,125934,0.974902
6117086388,185681161146,2025-11-08,147803,147240,147305,147348,147835,147880,147850,147420,147640,147782,147869,147555,145403,0.983243
6117086388,187144642938,2025-11-04,97,97,96,98,97,98,98,98,98,98,98,98,93,0.94898
6117086388,186228928316,2025-10-26,47779,47884,47864,47813,47925,47932,47918,47819,47919,47928,47916,47893,47370,0.988213
6021145596,188359075645,2025-12-23,10872,10888,10874,10873,10893,10893,10891,10875,10879,10884,10893,10877,10786,0.990177
6117086388,187736038042,2025-10-24,13143,13158,13150,13139,13171,13171,13171,13147,13168,13169,13171,13160,13044,0.990358
6117086388,187736038042,2025-10-29,14729,14743,14740,14726,14749,14751,14750,14737,14751,14749,14751,14747,14667,0.994305
6117086388,999,2025-10-31,66815,65609,66124,66737,66934,66950,66952,65771,66647,66933,66943,66703,63335,0.945962
6117086388,186228928316,2025-11-03,64788,64784,64685,64671,64846,64863,64863,64486,64822,64862,64848,64765,63990,0.986526
6021145596,188359075885,2025-12-29,173721,173863,173656,173493,173871,173985,173974,173571,173903,173943,173955,173806,172142,0.989373
6021145596,188359075645,2025-12-21,21673,21730,21710,21704,21740,21740,21733,21695,21728,21732,21735,21718,21521,0.989926
6117086388,185681161146,2025-11-03,134151,134044,133914,133751,134192,134214,134210,133863,134146,134211,134194,134068,132815,0.989554
6021145596,188359075885,2025-12-22,179722,179887,179563,179368,180075,180139,180137,179400,180012,179983,180090,179867,177053,0.982792
6021145596,188359075645,2025-12-28,20107,20125,20078,20084,20124,20138,20138,20112,20079,19916,20134,20078,19635,0.975022
6117086388,186228928316,2025-11-02,64086,64063,63899,64021,64163,64180,64177,63695,64095,64177,64174,64066,63041,0.982253
8698807816,185089958853,2025-10-20,36736,36736,36736,36736,36736,36736,36736,36736,36736,36736,36736,36736,36736,0.99999
6117086388,186228928316,2025-10-15,139704,140041,139833,139625,140087,140133,140067,139613,140088,140115,140095,140012,138112,0.98555
6117086388,185681161146,2025-11-11,121953,121132,121559,121611,122003,122006,122014,121555,121572,122007,121947,121733,119478,0.979215
6117086388,187736038042,2025-10-31,13672,13508,13577,13674,13696,13699,13687,13401,13502,13695,13698,13657,12904,0.941967
6117086388,187144642938,2025-12-07,915,904,905,916,918,918,918,904,917,918,918,913,877,0.955338
6117086388,187736038042,2025-11-11,41547,41310,41399,41359,41564,41568,41569,41382,41351,41570,41554,41482,40593,0.976474
6021145596,190765076798,2025-12-17,279048,279280,277866,277450,280134,280338,280218,276372,279666,280175,280203,278930,267975,0.955835
6117086388,186228928316,2025-12-02,128040,128018,127988,127985,128158,128173,128171,127509,128093,128162,128161,128087,126812,0.989351
6117086388,187144642938,2025-11-26,424,419,418,422,424,424,424,420,421,424,424,420,405,0.955189
6021145596,190765076798,2025-12-21,332167,332281,331939,331428,332582,332682,332645,331433,332510,332562,332580,332107,327978,0.985843
1068691411,196291455508,2025-11-24,18580,18580,18580,18580,18580,18580,18580,18580,18580,18580,18580,18580,18580,0.99999
6117086388,186228928316,2025-12-30,144650,144873,144782,144648,144807,144939,144931,144700,144901,144931,144930,144833,143744,0.991755
6117086388,187144642938,2025-12-15,682,682,678,683,682,683,683,673,676,682,682,679,657,0.961933
6117086388,185681161146,2025-11-13,92642,92204,92432,92525,92677,92687,92675,92420,92635,92681,92675,92617,91477,0.986945
6117086388,187144642938,2025-12-30,55,55,55,55,55,55,55,55,55,55,55,55,55,0.99999
6117086388,186228928316,2026-01-02,61139,61269,61170,60940,61275,61327,61321,60704,61291,61314,61316,61259,59853,0.975965
6021145596,192614812769,2025-12-21,202793,202855,202717,202405,203075,203129,203102,202495,203031,203055,203092,202830,200445,0.986762
6021145596,190765076798,2025-12-19,260842,261254,260635,260324,261511,261610,261586,260099,261450,261371,261338,260956,256187,0.979259
6117086388,187144642938,2025-11-30,339,335,333,339,339,339,339,334,337,339,339,337,328,0.967552
6117086388,186228928316,2025-10-24,46039,46143,46093,46024,46153,46161,46157,46004,46152,46153,46157,46130,45647,0.988822
1068691411,196291455508,2025-11-19,19071,19071,19071,19071,19071,19071,19071,19071,19071,19071,19071,19071,19071,0.99999
6021145596,188359075645,2025-12-25,21646,21686,21642,21648,21699,21699,21697,21629,21674,21675,21697,21621,21358,0.98424
6021145596,189902476939,2025-12-12,307970,306385,306114,308656,309094,310416,310346,306661,308142,310349,310144,308109,293238,0.944646
1068691411,196291455508,2025-11-28,16119,16119,16119,16119,16119,16119,16119,16119,16119,16119,16119,16119,16119,0.99999
6021145596,188359075885,2025-12-26,167193,167026,167038,166408,167385,167456,167182,166972,167205,167289,167427,167123,164620,0.983029
6021145596,188359075845,2025-12-29,74404,74497,74409,74351,74522,74563,74563,74417,74534,74545,74550,74480,73717,0.988601
8698807816,185089958853,2025-10-18,33119,33119,33119,33119,33119,33119,33119,33119,33119,33119,33119,33119,33119,0.99999
1068691411,999,2025-12-03,1,1,1,1,1,1,1,1,1,1,1,1,1,0.99999
6021145596,192614812769,2025-12-20,240042,240225,239708,239438,240486,240566,240558,239356,240399,240363,240411,240121,236068,0.981274
6021145596,189902476939,2025-12-14,11141,11148,11059,11135,11173,11175,11175,11100,11113,11171,11172,11143,10865,0.972173
6117086388,187736038042,2025-11-02,75112,75065,74820,75053,75207,75226,75222,74729,75109,75227,75220,75092,73827,0.981377
6117086388,187736038042,2025-10-28,14736,14744,14746,14720,14751,14752,14751,14744,14749,14750,14752,14747,14674,0.994713
6117086388,187144642938,2025-12-11,760,757,743,760,761,762,761,748,758,762,760,760,727,0.954068
6117086388,187144642938,2025-12-10,717,713,712,714,718,718,718,711,716,717,718,715,697,0.970752
6021145596,188359075885,2025-12-28,177939,178097,177937,177304,178244,178283,178285,177722,178196,178253,178257,178048,175486,0.984173
6117086388,187736038042,2025-12-26,131603,131837,131701,131521,131758,131873,131837,131766,131738,131837,131867,131696,130596,0.990301
6117086388,187144642938,2025-12-08,669,662,655,664,670,670,670,657,670,670,670,664,633,0.944776
6117086388,187144642938,2025-11-02,52,52,52,52,52,52,52,51,51,52,52,51,49,0.942308
6117086388,187736038042,2025-11-05,28363,28294,28331,28247,28386,28391,28392,28251,28378,28390,28388,28340,27908,0.982953
6117086388,187736038042,2025-12-20,116409,116450,116342,116228,116478,116497,116485,116391,116474,116488,116490,116433,115754,0.993622
6117086388,187144642938,2025-11-23,430,425,424,429,430,430,430,426,429,430,430,426,412,0.95814
6117086388,185681161146,2025-10-26,67066,67188,67120,67061,67221,67231,67080,67130,67213,67213,67187,67183,66417,0.987892
6117086388,186228928316,2025-12-09,108015,108055,107967,107957,108151,108169,108167,107875,108100,108146,108158,108079,107119,0.990266
6021145596,188359075885,2025-12-19,182362,182642,182259,181876,183016,183118,183101,181837,182868,182987,183009,182664,178270,0.973483
6117086388,187144642938,2025-11-03,67,67,66,66,67,67,67,67,67,67,67,66,64,0.955224
1068691411,999,2025-11-12,47,47,47,47,47,47,47,47,47,47,47,47,47,0.99999
6021145596,188359075645,2025-12-16,12622,12670,12610,12661,12680,12689,12689,12622,12655,12685,12679,12638,12381,0.975727
6117086388,188221594469,2025-11-21,43852,43873,43890,43829,43947,43950,43950,43796,43938,43948,43941,43835,43349,0.98628
6021145596,189902476939,2025-12-11,362402,361519,360107,363740,364379,365825,365750,361863,364112,365694,365456,362800,345919,0.945576
6021145596,188359075885,2025-12-21,207912,208099,207816,207444,208347,208464,208446,207572,208252,208307,208406,207983,204565,0.981273
6117086388,186228928316,2025-10-23,45397,45548,45498,45446,45565,45579,45577,45451,45570,45569,45575,45558,45006,0.987428
6117086388,188221594469,2025-11-19,47330,47167,47241,47303,47368,47371,47369,47203,47341,47359,47371,47171,46602,0.983746
6117086388,187736038042,2025-11-16,216369,214741,215689,216005,216485,216511,216352,215056,215887,216507,216497,215555,211883,0.978602
6021145596,189902476979,2025-12-13,7985,7915,7899,7997,8017,8043,8040,7945,7955,8038,8040,7998,7572,0.94144
6021145596,189902476979,2025-12-14,4348,4345,4319,4342,4357,4357,4357,4329,4333,4354,4357,4354,4249,0.975212
1068691411,196291455508,2025-11-14,18714,18714,18714,18714,18714,18714,18714,18714,18714,18714,18714,18714,18714,0.99999
6117086388,189766852293,2025-12-23,80083,80128,79965,80033,80170,80178,80176,80127,80163,80168,80144,80043,79508,0.991619
6117086388,187736038042,2025-11-08,83626,83370,83419,83507,83667,83683,83645,83368,83431,83662,83678,83500,82241,0.982745
6117086388,186228928316,2025-11-11,59484,59255,59377,59377,59553,59569,59567,59128,59428,59567,59549,59446,58343,0.979386
6117086388,186228928316,2025-12-11,124383,124600,124570,124376,124699,124731,124722,124254,124574,124719,124723,124669,123142,0.987237
6117086388,186228928316,2025-11-06,60478,60426,60422,60453,60569,60592,60589,60058,60486,60590,60578,60510,59515,0.982225
6117086388,187144642938,2025-12-16,97,97,97,97,97,97,97,96,97,97,97,97,96,0.989691
6117086388,185681161146,2025-10-07,209839,210135,209768,209258,210216,210287,210281,209665,210239,210257,210225,210144,207343,0.985986
1068691411,196291455508,2025-11-18,19166,19166,19166,19166,19166,19166,19166,19166,19166,19166,19166,19166,19166,0.99999
6021145596,188359075645,2025-12-17,1342,1348,1341,1347,1349,1349,1349,1339,1345,1348,1348,1345,1315,0.974796
1068691411,196291455508,2025-12-03,16261,16261,16261,16261,16261,16261,16261,16261,16261,16261,16261,16261,16261,0.99999
1068691411,999,2025-11-16,48,48,48,48,48,48,48,48,48,48,48,48,48,0.99999
6117086388,185681161146,2025-11-05,102865,102547,102714,102563,102993,103011,103011,102537,102957,103009,102976,102741,101130,0.981721
6117086388,187736038042,2025-12-06,159375,159287,158909,159231,159490,159511,159477,158464,159397,159497,159495,159225,156958,0.983982
6117086388,188221594469,2025-11-24,51159,50383,50735,51080,51188,51195,51194,51018,51051,51194,51168,51141,49734,0.971443
6117086388,186228928316,2025-11-13,113991,113914,113920,113932,114148,114170,114164,113599,114094,114159,114158,114084,112688,0.987019
6117086388,186228928316,2025-12-27,155449,155619,155529,155228,155597,155685,155674,155326,155634,155639,155672,155550,154233,0.990673
6117086388,187736038042,2025-12-30,128829,128959,128864,128793,128969,129002,128999,128918,128988,128996,128986,128926,128243,0.994086
1068691411,196291455508,2025-11-12,21080,21080,21080,21080,21080,21080,21080,21080,21080,21080,21080,21080,21080,0.99999
1068691411,196291455508,2025-11-27,16016,16016,16016,16016,16016,16016,16016,16016,16016,16016,16016,16016,16016,0.99999
8698807816,185089958853,2025-10-15,11928,11976,11901,11716,11962,11976,11976,11862,11975,11975,11976,11972,11484,0.958918
6117086388,185681161146,2025-11-02,130425,130305,130015,130270,130496,130551,130543,129997,130413,130545,130538,130379,128772,0.986366
6117086388,186228928316,2025-12-22,87214,87272,87228,87078,87298,87315,87311,87172,87275,87296,87304,87221,86612,0.991926
6117086388,186228928316,2025-10-07,78715,78908,78792,78551,78942,78982,78982,78549,78959,78969,78964,78887,77485,0.980997
6117086388,189766852293,2025-12-24,81506,81531,81444,81406,81576,81587,81584,81533,81567,81566,81575,81518,81025,0.993112
6117086388,187144642938,2025-11-19,7312,7307,7300,7307,7314,7315,7315,7286,7306,7315,7315,7308,7243,0.990157
6117086388,187736038042,2025-10-23,13020,13047,13032,13037,13057,13060,13058,13046,13058,13057,13057,13054,12930,0.990046
6117086388,185681161146,2025-11-09,140228,139037,138263,139795,140299,140320,140293,139755,140161,140290,140314,140152,135815,0.967888
6117086388,188221594469,2025-11-20,47939,47883,47939,47914,48024,48026,48024,47841,48009,48005,48023,47844,47277,0.984404
1068691411,196291455508,2025-12-01,18174,18174,18174,18174,18174,18174,18174,18174,18174,18174,18174,18174,18174,0.99999
6021145596,189902476939,2025-12-13,18081,17931,17807,18081,18122,18177,18175,17956,18012,18169,18160,18076,17108,0.941189
6117086388,188221594469,2025-11-13,51401,51183,51254,51344,51444,51447,51443,51269,51423,51442,51446,51427,50705,0.985577
1068691411,196291455508,2025-11-16,21014,21014,21014,21014,21014,21014,21014,21014,21014,21014,21014,21014,21014,0.99999
6117086388,186228928316,2025-12-23,83186,83317,83269,83183,83332,83349,83349,83197,83321,83345,83336,83250,82645,0.991506
6117086388,186228928316,2025-10-31,40532,40137,40348,40535,40650,40657,40656,39821,40474,40645,40653,40542,38770,0.953564
6117086388,189766852293,2025-12-18,84857,85004,84913,84780,85030,85039,85032,84976,85020,85027,85033,84994,84310,0.991392
6117086388,186228928316,2025-12-06,132850,132862,132672,132819,132986,133020,133010,132404,132944,133013,133012,132842,131440,0.988107
6117086388,187144642938,2025-11-12,2045,2043,2044,2038,2043,2045,2045,2037,2044,2045,2045,2044,2023,0.989242
6021145596,192614812769,2025-12-17,273965,274280,273013,272242,275183,275395,275273,271367,274602,275202,275276,274051,262746,0.954035
6117086388,187736038042,2025-11-04,39391,39360,39323,39300,39434,39439,39438,39186,39407,39438,39432,39377,38823,0.984381
6117086388,186228928316,2025-12-15,126046,126139,126047,126017,126209,126234,126221,125825,126076,126217,126227,126141,124964,0.9899
6117086388,187144642938,2025-11-24,784,785,779,783,783,786,786,778,777,786,784,781,751,0.955471
6117086388,187736038042,2025-11-29,192658,191925,192090,192327,192742,192760,192730,191940,192557,192752,192744,192555,189967,0.985485
6117086388,187736038042,2025-12-17,101613,101764,101616,101511,101794,101804,101801,101612,101704,101782,101798,101741,100752,0.989657
6117086388,187736038042,2025-11-09,98861,98443,98136,98595,98936,98949,98920,98460,98706,98888,98937,98780,96450,0.974725
6117086388,187736038042,2025-11-25,148546,147250,148120,148502,148785,148814,148814,147998,148323,148781,148801,148651,145083,0.974896
1068691411,196291455508,2025-12-02,17293,17293,17293,17293,17293,17293,17293,17293,17293,17293,17293,17293,17293,0.99999
6117086388,187736038042,2025-10-08,100438,100727,100550,100364,100790,100824,100820,100204,100804,100788,100800,100679,98813,0.980035
6117086388,187736038042,2025-12-05,68228,68149,67990,68173,68312,68317,68311,68012,68237,68239,68313,68269,67182,0.983372
1068691411,999,2025-12-02,42,42,42,42,42,42,42,42,42,42,42,42,42,0.99999
6021145596,189902476939,2025-12-19,202806,203265,202901,202892,203190,203342,203334,203072,203063,203294,203298,203107,201141,0.989171
6117086388,187736038042,2025-10-27,14178,14193,14185,14158,14198,14200,14198,14191,14198,14195,14196,14193,14092,0.992394
6117086388,188221594469,2025-11-16,50952,50411,50780,50862,50973,50978,50940,50705,50909,50976,50973,50639,49792,0.976735
6117086388,187736038042,2025-12-08,76563,76341,76481,76526,76711,76724,76716,76388,76671,76713,76713,76640,75398,0.982704
6021145596,188359075805,2025-12-27,44333,44401,44363,44277,44416,44419,44416,44361,44402,44403,44418,44335,43965,0.989779
1068691411,999,2025-11-22,43,43,43,43,43,43,43,43,43,43,43,43,43,0.99999
6117086388,189766852293,2025-12-15,84756,84745,84649,84538,84802,84807,84794,84651,84693,84791,84807,84777,83990,0.990343
6117086388,187736038042,2025-12-28,131161,131373,131264,130982,131361,131425,131412,131244,131374,131420,131423,131342,130094,0.989797
6117086388,187736038042,2025-12-31,124812,124985,124878,124639,125010,125024,125017,124920,124991,125023,125012,124940,124040,0.992106
6117086388,187144642938,2025-11-11,6932,6929,6929,6921,6937,6938,6938,6911,6929,6937,6937,6933,6863,0.98919
6117086388,187144642938,2025-12-02,469,463,458,467,469,469,469,460,465,469,469,460,438,0.933902
6117086388,185681161146,2025-11-07,114905,114611,114529,114713,114969,115006,115002,114455,114788,115003,114987,114717,112979,0.982341
8698807816,185089958853,2025-10-16,28915,28915,28915,28915,28915,28915,28915,28915,28915,28915,28915,28915,28915,0.99999
6117086388,187144642938,2025-11-29,388,384,385,388,388,388,388,382,387,387,388,385,375,0.966495
6117086388,187144642938,2025-12-26,80,80,81,81,81,81,81,80,81,81,81,81,78,0.962963
6117086388,186228928316,2025-12-24,101765,101897,101827,101723,101914,101933,101934,101758,101908,101922,101927,101888,101195,0.992721
6117086388,187144642938,2025-11-14,84,85,85,85,85,85,85,84,85,85,85,85,84,0.988235
6117086388,188221594469,2025-11-29,80875,80450,80578,80712,80888,80900,80882,80485,80850,80899,80895,80808,79576,0.983634
6021145596,188359075885,2025-12-27,185859,186039,185785,184927,186120,186205,186190,185458,186069,186134,186176,185971,182941,0.982439
6117086388,187144642938,2025-11-25,398,397,393,398,399,399,399,392,394,399,399,396,378,0.947368
6117086388,186228928316,2025-11-08,61586,61542,61523,61441,61616,61645,61645,61342,61575,61626,61639,61574,60790,0.986114
6117086388,186228928316,2025-12-26,143668,143820,143764,143525,143854,143890,143865,143673,143817,143873,143880,143784,142753,0.992084
6117086388,187736038042,2025-10-16,85047,85151,84956,84942,85208,85224,85226,85126,85209,85217,85221,85179,84239,0.988373
6117086388,189766852293,2025-12-21,91825,91866,91710,91674,91894,91910,91873,91851,91886,91889,91889,91761,91086,0.991035
1068691411,196291455508,2025-11-13,19616,19616,19616,19616,19616,19616,19616,19616,19616,19616,19616,19616,19616,0.99999
6117086388,187144642938,2025-12-03,536,528,524,534,537,537,537,527,531,537,537,531,501,0.932961
6117086388,187144642938,2025-12-22,1096,1095,1077,1091,1096,1096,1092,1090,1087,1095,1094,1091,1052,0.959854
6021145596,192614812769,2025-12-18,265612,266469,265389,264852,266727,266943,266903,264468,266640,266782,266801,266063,258423,0.968003
6117086388,187736038042,2025-12-15,126468,126516,126433,126285,126585,126591,126578,126363,126179,126567,126581,126516,125253,0.989415
6021145596,189902476939,2025-12-15,878195,882044,877475,879222,882747,882953,882903,877777,881062,881777,882001,880327,859332,0.973241
6117086388,999,2025-11-11,102,102,100,102,102,102,102,99,102,102,102,101,98,0.960784
6117086388,187736038042,2025-10-25,12852,12882,12864,12860,12888,12890,12879,12855,12886,12888,12884,12879,12728,0.987432
6117086388,187736038042,2025-10-12,98419,98698,98550,98503,98771,98787,98772,98619,98764,98770,98771,98677,97442,0.986305
6021145596,192614812769,2025-12-19,291972,292420,291712,291434,292651,292791,292783,291266,292594,292590,292424,292147,286989,0.98014
6117086388,187736038042,2025-12-21,155191,155298,155079,154990,155334,155347,155321,155260,155317,155317,155335,155177,154164,0.992346
6117086388,187144642938,2025-11-16,4973,4966,4971,4965,4976,4975,4976,4952,4972,4975,4975,4971,4921,0.988947
6117086388,187736038042,2025-11-13,85599,85153,85409,85558,85684,85696,85692,85313,85646,85685,85684,85639,84291,0.983593
1068691411,196291455508,2025-11-30,17986,17986,17986,17986,17986,17986,17986,17986,17986,17986,17986,17986,17986,0.99999
6021145596,188359075845,2025-12-20,94663,94711,94548,94548,94944,95019,95015,94400,94914,94950,94965,94690,92657,0.975111
6117086388,187144642938,2025-12-18,215,215,212,215,215,215,215,213,215,215,215,215,210,0.976744
6117086388,187736038042,2025-10-30,14413,14288,14338,14417,14448,14449,14449,14189,14364,14445,14449,14413,13826,0.956883
6117086388,187736038042,2025-11-20,172649,172643,172441,172705,172969,172978,172978,172207,172902,172911,172952,172461,170400,0.985079
6117086388,187736038042,2025-12-09,66467,66306,66386,66444,66539,66542,66540,66390,66518,66540,66531,66437,65789,0.988669
6117086388,187736038042,2025-12-14,128121,128187,127941,127895,128238,128251,128229,127953,127445,128230,128250,128161,126278,0.984616
6021145596,188359075845,2025-12-24,73521,73663,73581,73526,73723,73753,73746,73533,73701,73726,73737,73643,72736,0.986211
1068691411,196291455508,2025-11-22,16587,16587,16587,16587,16587,16587,16587,16587,16587,16587,16587,16587,16587,0.99999
6117086388,187736038042,2025-11-01,70990,70592,70334,70854,71124,71129,71081,69759,70348,71124,71127,70862,67567,0.949828
6117086388,187736038042,2025-11-06,52459,52178,52290,52320,52505,52513,52514,52048,52376,52514,52504,52400,51263,0.976178
6117086388,186228928316,2025-10-14,129350,129596,129455,129284,129627,129678,129653,129268,129650,129633,129651,129553,128035,0.987284
6021145596,189902476979,2025-12-17,175655,176474,175600,176329,176720,176782,176776,175548,176365,176658,176658,176004,171561,0.970428
6117086388,186228928316,2025-11-28,97198,97058,97025,97108,97259,97277,97272,96615,96996,97272,97265,97138,95700,0.983789
6021145596,188359075645,2025-12-20,21395,21482,21455,21453,21483,21490,21490,21348,21480,21483,21490,21466,21151,0.984225
6117086388,187144642938,2025-11-09,56,56,56,55,56,56,56,56,55,56,56,56,54,0.964286
6117086388,186228928316,2025-11-09,62890,62697,62658,62789,62967,62983,62973,62617,62921,62968,62974,62851,61633,0.97855
6117086388,186228928316,2025-12-03,101197,101098,101116,101098,101274,101295,101291,100589,101178,101294,101284,101184,99898,0.986189
1068691411,193473365491,2025-11-13,58,58,58,58,58,58,58,58,58,58,58,58,58,0.99999
6117086388,187144642938,2025-11-20,6023,6022,6022,6021,6026,6026,6026,6010,6020,6025,6024,6021,5985,0.993196
6021145596,188359075805,2025-12-23,35544,35600,35547,35536,35610,35613,35611,35579,35597,35596,35611,35564,35292,0.990986
6021145596,188359075645,2025-12-18,10161,10187,10169,10141,10194,10197,10197,10130,10182,10194,10192,10179,9975,0.978133
6117086388,187144642938,2025-11-28,349,348,345,349,349,349,349,344,346,349,349,347,338,0.968481
8698807816,185089958853,2025-10-22,38115,38115,38115,38115,38115,38115,38115,38115,38115,38115,38115,38115,38115,0.99999
6021145596,188359075885,2025-12-24,173308,173602,173435,173228,173677,173744,173741,173240,173650,173692,173720,173574,171703,0.988219
6117086388,187736038042,2025-10-15,81313,81504,81157,81266,81562,81579,81495,81435,81567,81569,81557,81501,80236,0.983513
6117086388,185681161146,2025-11-12,117397,116896,117236,116847,117468,117473,117475,117124,117369,117465,117347,117357,115434,0.982601
6117086388,187144642938,2025-11-17,3798,3801,3796,3790,3801,3802,3801,3788,3794,3802,3802,3801,3757,0.988164
6117086388,187144642938,2025-12-05,845,836,833,844,846,846,846,829,835,845,846,838,796,0.940898
6117086388,187144642938,2025-11-18,5557,5559,5554,5550,5558,5561,5560,5536,5556,5561,5561,5558,5508,0.990469
6117086388,187736038042,2025-10-18,138654,139125,138608,138869,139185,139207,139194,138948,139182,139179,139173,139047,137238,0.985849
6021145596,188359075805,2025-12-24,38628,38682,38659,38555,38686,38692,38690,38627,38680,38662,38688,38634,38298,0.989817
6117086388,188221594469,2025-11-28,68884,68480,68734,68850,68972,68975,68972,68604,68853,68974,68971,68763,67575,0.979703
6117086388,187144642938,2025-12-21,2377,2377,2361,2375,2381,2382,2380,2368,2373,2382,2382,2369,2320,0.973971
6117086388,187144642978,2025-10-23,99,100,99,100,99,100,100,99,100,100,100,100,96,0.96
6117086388,187736038042,2025-11-21,131963,131915,131885,131809,132147,132162,132161,131578,132061,132152,132148,131933,130394,0.986608
6021145596,189902476979,2025-12-15,447855,449779,447045,448718,450206,450343,450319,447512,448924,449817,449849,449011,437894,0.972352
6117086388,187144642938,2025-12-12,1077,1080,1070,1078,1081,1082,1082,1072,1077,1082,1081,1071,1042,0.963031
6021145596,188359075645,2025-12-22,8943,8972,8963,8962,8975,8975,8976,8961,8971,8974,8974,8968,8889,0.990307
6117086388,185681161146,2025-10-22,57418,57607,57469,57475,57644,57651,57650,57583,57643,57641,57645,57611,56894,0.986835
6117086388,189766852293,2025-12-14,112441,112464,112281,112266,112516,112537,112513,112292,112281,112518,112532,112490,111352,0.98947
6117086388,186228928316,2025-11-01,61321,61186,61085,61203,61436,61448,61450,60433,61223,61447,61436,61227,59333,0.965502
6117086388,188221594469,2025-11-30,81492,81166,81063,81324,81504,81511,81482,80871,81420,81511,81508,81465,79861,0.979745
6021145596,188359075645,2025-12-19,12801,12822,12811,12796,12841,12849,12849,12778,12832,12842,12842,12830,12587,0.979533
6117086388,187144642938,2026-01-01,836,834,831,835,836,838,838,826,833,837,838,832,804,0.959427
6021145596,189902476979,2025-12-16,194733,195505,194635,195098,195585,195702,195688,194248,195243,195617,195537,194634,190321,0.972499
6117086388,186228928316,2025-12-25,129555,129755,129691,129599,129786,129827,129825,129544,129779,129812,129806,129741,128757,0.991735
6117086388,186228928316,2025-12-19,69745,69830,69786,69717,69841,69865,69861,69722,69841,69856,69863,69828,69333,0.992385
1068691411,999,2025-11-11,48,48,48,48,48,48,48,48,48,48,48,48,48,0.99999
1068691411,196291455508,2025-11-23,17747,17747,17747,17747,17747,17747,17747,17747,17747,17747,17747,17747,17747,0.99999
6117086388,185681161146,2025-10-10,213528,214603,213681,213851,214663,214738,214737,214295,214688,214700,214700,214413,210577,0.980586
8698807816,185089958853,2025-10-17,25744,25744,25744,25744,25744,25744,25744,25744,25744,25744,25744,25744,25744,0.99999
6021145596,189902476939,2025-12-17,383064,385166,383181,384922,385652,385808,385800,382819,384817,385557,385497,384135,374024,0.969419
6117086388,187736038042,2025-11-24,222568,220516,221467,222325,222734,222779,222772,222021,221832,222769,222678,222462,217459,0.976107
6117086388,187144642938,2025-12-19,1005,1002,997,1001,1006,1006,1006,995,1001,1005,1005,1001,970,0.964215
6117086388,187736038042,2025-12-03,81949,81809,81736,81838,82018,82019,82021,81582,81926,82020,82009,81883,80849,0.985699
1068691411,193473365491,2025-12-01,59,59,59,59,59,59,59,59,59,59,59,59,59,0.99999
6117086388,186228928316,2025-11-27,106522,106362,106334,106385,106580,106605,106603,106004,106159,106600,106594,106498,104831,0.983341
6021145596,188359075805,2025-12-20,37756,37915,37879,37797,37909,37930,37930,37757,37911,37914,37923,37881,37318,0.983865
1068691411,999,2025-11-17,80,80,80,80,80,80,80,80,80,80,80,80,80,0.99999
6021145596,188359075805,2025-12-25,39291,39368,39349,39241,39384,39387,39384,39243,39370,39360,39384,39323,38869,0.986848
1068691411,999,2025-11-30,34,34,34,34,34,34,34,34,34,34,34,34,34,0.99999
6117086388,188221594469,2025-11-27,59209,58814,59039,59115,59226,59230,59229,58935,59017,59224,59227,59168,58072,0.980449
6117086388,186228928316,2025-11-05,60591,60539,60577,60551,60679,60701,60698,60340,60635,60695,60690,60606,59772,0.984695
6021145596,188359075845,2025-12-19,89519,89635,89476,89432,89876,89945,89948,89317,89827,89876,89894,89657,87534,0.97313
6117086388,187736038042,2025-10-10,71317,71697,71453,71461,71745,71789,71783,71581,71762,71765,71773,71562,70092,0.976361
1068691411,193473365491,2025-11-15,115,115,115,115,115,115,115,115,115,115,115,115,115,0.99999
6117086388,187736038042,2025-12-23,99115,99147,99012,99013,99193,99204,99206,99144,99169,99199,99175,99042,98417,0.992007
6117086388,187736038042,2025-12-18,93581,93720,93643,93539,93758,93767,93753,93681,93740,93756,93756,93713,93030,0.99214
6117086388,187736038042,2025-10-14,90646,90928,90785,90681,90972,90982,90915,90905,90975,90965,90973,90878,89803,0.986955
6021145596,188359075805,2025-12-21,47077,47183,47149,47096,47198,47203,47181,47119,47181,47190,47173,47155,46739,0.99017
6117086388,187144642938,2025-12-09,826,821,821,827,827,827,827,821,825,827,827,824,808,0.977025
6021145596,188359075805,2025-12-28,40585,40687,40625,40569,40679,40699,40698,40654,40660,40351,40698,40572,39803,0.977913
6021145596,188359075845,2025-12-27,79418,79538,79392,79115,79580,79610,79601,79334,79552,79577,79611,79477,78120,0.981124
6117086388,999,2025-11-10,87,86,85,87,87,87,87,85,86,87,87,87,83,0.954023
6021145596,188359075645,2025-12-26,18610,18640,18615,18611,18652,18655,18654,18577,18636,18645,18651,18572,18360,0.984134
6117086388,999,2025-11-20,203,202,199,203,202,203,203,201,202,203,203,202,196,0.965517
1068691411,196291455508,2025-11-29,16839,16839,16839,16839,16839,16839,16839,16839,16839,16839,16839,16839,16839,0.99999
6117086388,186228928316,2025-10-30,41985,41741,41781,41931,42064,42075,42075,41212,41782,42071,42069,41993,40262,0.956842
6117086388,187736038042,2025-12-22,104765,104863,104698,104597,104898,104905,104904,104842,104879,104892,104887,104686,103897,0.990325
6117086388,188221594469,2025-11-14,48908,48620,48752,48835,48933,48935,48929,48781,48919,48935,48935,48896,48236,0.985675
1068691411,196291455508,2025-11-15,19479,19479,19479,19479,19479,19479,19479,19479,19479,19479,19479,19479,19479,0.99999
6117086388,187736038042,2025-11-26,172155,171691,171692,171776,172220,172237,172238,171341,172043,172206,172202,172063,169646,0.98494
6117086388,187736038042,2025-11-12,73783,73489,73691,73541,73857,73858,73859,73577,73811,73851,73798,73795,72615,0.983144
1068691411,193473365491,2025-11-28,66,66,66,66,66,66,66,66,66,66,66,66,66,0.99999
1068691411,999,2025-11-19,36,36,36,36,36,36,36,36,36,36,36,36,36,0.99999
6117086388,187144642938,2025-12-20,1581,1584,1569,1579,1586,1586,1586,1567,1578,1586,1586,1578,1528,0.96343
6117086388,186228928316,2026-01-01,39363,39429,39406,39284,39449,39459,39453,39309,39448,39444,39451,39421,38907,0.985986
6117086388,187736038042,2025-11-28,103256,102540,102859,103185,103372,103388,103380,102709,103094,103385,103383,103126,100956,0.976458
6117086388,187144642938,2025-12-27,149,149,146,149,149,149,149,146,148,149,149,147,142,0.95302
6021145596,188359075885,2025-12-23,178560,178792,178550,178423,178925,179004,179000,178370,178887,178911,178948,178775,176492,0.985934
6117086388,188221594469,2025-11-12,46409,46019,46181,45961,46574,46587,46572,45708,46519,46580,46570,46371,44127,0.947155
6117086388,185681161146,2025-10-25,66946,67083,67000,66908,67115,67118,67011,66947,67103,67109,67056,67085,66225,0.986695
6117086388,185681161146,2025-10-20,178410,178902,178392,178793,179160,179183,179147,179010,179130,179144,179173,179124,176782,0.986578
6021145596,188359075885,2025-12-17,146327,146598,145822,146378,148018,148221,148157,144431,147321,148032,148124,147043,136874,0.923402
6117086388,187736038042,2025-12-19,63405,63445,63401,63325,63464,63470,63471,63418,63450,63459,63470,63434,63070,0.993666
6117086388,187736038042,2025-12-04,100246,100114,100097,100192,100359,100361,100360,99912,100234,100341,100357,100275,99081,0.987226
1068691411,196291455508,2025-11-25,17830,17830,17830,17830,17830,17830,17830,17830,17830,17830,17830,17830,17830,0.99999
6117086388,185681161146,2025-10-27,66640,66653,66614,66513,66693,66703,66701,66659,66696,66690,66691,66618,66189,0.992294
6117086388,186228928316,2025-11-19,130176,130054,130006,130055,130193,130281,130285,129683,130182,130269,130262,130025,128675,0.987635
6117086388,187736038042,2025-12-02,77222,77153,77126,77187,77336,77335,77335,76931,77282,77328,77328,77274,76308,0.986695
6117086388,186228928316,2025-10-12,155580,156025,155866,155667,156060,156127,156117,155619,156077,156106,156086,155995,154054,0.986684
6117086388,186228928316,2025-12-29,146181,146505,146356,146302,146413,146559,146547,146294,146527,146551,146548,146456,145198,0.990693
6117086388,187736038042,2025-11-23,221123,219624,220476,220237,221181,221229,221209,220257,220357,221223,221204,220919,216472,0.978458
6117086388,187144642938,2025-12-14,1835,1825,1829,1832,1836,1836,1835,1816,1822,1835,1836,1831,1786,0.972767
6117086388,999,2025-10-08,219743,220240,219911,219543,220288,220353,220339,219569,220303,220320,220312,220161,217351,0.986359
6021145596,188359075845,2025-12-25,82975,83046,82954,82919,83134,83157,83159,82872,83006,83115,83127,82924,81893,0.984705
6021145596,189902476979,2025-12-12,191187,190772,190126,191845,192077,192823,192765,190531,191242,192758,192641,191486,182497,0.946448
6021145596,188359075805,2025-12-29,44187,44262,44117,44102,44254,44268,44264,44213,44242,44149,44263,44209,43605,0.985023
6117086388,187144642938,2025-12-17,215,216,213,216,216,216,216,213,211,216,216,214,206,0.953704
1068691411,196291455508,2025-11-21,16406,16406,16406,16406,16406,16406,16406,16406,16406,16406,16406,16406,16406,0.99999
6117086388,187736038042,2026-01-02,81666,81921,81675,81444,81946,81966,81954,81802,81939,81939,81948,81842,80501,0.982079
6117086388,186228928316,2025-11-12,110120,110121,110099,109781,110262,110280,110275,109800,110226,110278,110196,110184,108696,0.985637
6117086388,185681161146,2025-10-28,58286,58312,58288,58145,58358,58360,58359,58312,58355,58344,58359,58324,57850,0.991244
6117086388,187736038042,2025-10-07,95281,95526,95341,95092,95623,95653,95654,95375,95626,95646,95622,95520,93851,0.9811
1068691411,193473365491,2025-11-25,121,121,121,121,121,121,121,121,121,121,121,121,121,0.99999
6021145596,188359075805,2025-12-26,35964,36031,36011,35948,36064,36067,36061,35950,36037,36051,36063,35947,35533,0.985194
6117086388,185681161146,2025-11-06,114407,113417,113993,114165,114511,114523,114527,113233,114370,114529,114515,114229,111673,0.975038
6117086388,186228928316,2025-12-07,134245,134225,134178,134155,134392,134412,134401,133902,134299,134397,134399,134282,132926,0.988908
6021145596,188359075805,2025-12-17,12954,12998,12934,12992,13024,13026,13025,12946,13017,13011,13011,12995,12664,0.972209
1068691411,193473365491,2025-12-03,80,80,80,80,80,80,80,80,80,80,80,80,80,0.99999
6117086388,186228928316,2025-11-22,137320,137291,137185,137238,137458,137484,137480,136894,137388,137468,137466,137275,135870,0.988232
6117086388,185681161146,2025-11-10,102642,104366,104605,104815,105044,105058,105050,104669,104895,105052,105039,104834,100878,0.960212
6117086388,187736038042,2025-10-19,117145,117486,117208,117191,117519,117548,117527,117400,117525,117512,117532,117458,116076,0.987452
6117086388,187736038042,2025-12-11,112670,113021,112970,112919,113137,113180,113178,112921,112926,113172,113172,113087,111513,0.985245
6117086388,187736038042,2025-12-13,134721,134771,134607,134411,134911,134926,134884,134586,134696,134912,134918,134790,133111,0.986512
1068691411,196291455508,2025-11-11,20056,20056,20056,20056,20056,20056,20056,20056,20056,20056,20056,20056,20056,0.99999
6117086388,187736038042,2026-01-01,75187,75370,75315,74906,75400,75424,75408,75263,75405,75412,75408,75369,74279,0.984819
6117086388,185681161146,2025-10-24,65714,65795,65730,65690,65860,65867,65867,65743,65856,65856,65863,65807,65169,0.989403
1068691411,193473365491,2025-11-27,71,71,71,71,71,71,71,71,71,71,71,71,71,0.99999
6117086388,187736038042,2025-11-07,45168,45028,45039,45095,45193,45210,45208,44885,44998,45206,45202,45072,44129,0.976089
6117086388,188221594469,2025-11-23,49645,49203,49522,49395,49677,49686,49680,49456,49500,49682,49677,49607,48471,0.975527
6117086388,187736038042,2025-12-27,132021,132201,132058,131723,132170,132234,132230,131933,132204,132218,132237,132096,130727,0.988529
6117086388,186228928316,2025-11-21,111642,111644,111587,111571,111761,111786,111783,111216,111726,111777,111772,111597,110433,0.98787
6117086388,185681161146,2025-10-23,63480,63606,63452,63566,63689,63695,63697,63558,63683,63694,63689,63666,62832,0.986405
6117086388,185681161146,2025-10-30,61356,60444,60833,61320,61444,61451,61455,60441,61092,61438,61444,61246,58545,0.952648
6117086388,187144642938,2026-01-02,1832,1833,1824,1828,1840,1840,1837,1822,1828,1840,1837,1827,1768,0.96087
6117086388,186228928316,2025-12-08,99568,99621,99548,99557,99757,99767,99764,99296,99694,99753,99749,99675,98506,0.987331
6117086388,186228928316,2025-11-30,184955,184714,183572,184726,185048,185073,185058,183357,184862,185077,185065,184963,180910,0.977459
6117086388,187736038042,2025-12-07,193164,192770,192954,193111,193396,193415,193375,192424,193298,193397,193393,193186,190765,0.986294
6117086388,186228928316,2025-10-11,151813,152276,151977,151799,152319,152380,152376,151860,152330,152353,152346,152180,149955,0.984047
6117086388,186228928316,2025-10-10,104630,105127,104907,104861,105164,105236,105234,104741,105187,105221,105198,105096,103183,0.980454
1068691411,999,2025-11-21,32,32,32,32,32,32,32,32,32,32,32,32,32,0.99999
6117086388,187736038042,2025-10-11,128664,129099,128705,128734,129167,129223,129197,129022,129200,129192,129205,128838,126794,0.981104
6117086388,187144642938,2025-12-01,507,502,500,506,507,507,507,504,505,507,507,499,487,0.960552
6117086388,186228928316,2025-10-29,43008,43108,43077,43026,43128,43134,43127,43036,43127,43130,43127,43101,42685,0.989568
6117086388,186228928316,2025-10-08,92302,92513,92413,92243,92543,92591,92588,92039,92560,92582,92555,92504,91048,0.983314
6117086388,186228928316,2025-12-04,88207,88240,88163,88231,88355,88358,88361,87852,88269,88355,88352,88291,87238,0.98728
6021145596,188359075885,2025-12-25,187783,187943,187709,187589,188059,188131,188121,187555,187924,188056,188063,187777,185749,0.987297
6117086388,185681161146,2025-11-01,124421,123683,123284,123998,124529,124563,124573,122813,123764,124570,124552,124085,119604,0.960058
6117086388,185681161146,2025-10-14,219288,219600,219250,219173,219651,219672,219634,219435,219653,219647,219664,219479,217690,0.990887
6117086388,187736038042,2025-12-29,124007,124115,123954,123954,124116,124157,124157,124093,124133,124137,124133,124085,123332,0.993291
6117086388,185681161146,2025-11-14,80810,80411,80574,80694,80845,80852,80848,80602,80819,80851,80843,80796,79805,0.987026
6117086388,188221594469,2025-11-22,47778,47756,47694,47755,47879,47881,47876,47634,47831,47872,47877,47798,47054,0.982707
6021145596,188359075845,2025-12-26,73135,72925,73051,72753,73234,73251,73045,73063,73106,73125,73235,73072,71819,0.980411
6021145596,188359075845,2025-12-22,89041,89102,88943,88866,89231,89258,89251,88881,89198,89166,89220,89093,87654,0.981953
6117086388,187144642938,2025-12-06,1092,1082,1068,1090,1089,1092,1092,1076,1077,1091,1090,1078,1029,0.942308
6117086388,187144642938,2025-12-31,98,97,98,98,98,98,98,98,98,97,98,96,94,0.959184
6117086388,189766852293,2025-12-12,84005,84112,83975,84005,84221,84230,84230,84109,84080,84227,84226,84161,83123,0.986834
6117086388,187736038042,2025-11-22,200350,200212,200036,200170,200565,200573,200552,199763,200367,200548,200559,200273,198023,0.987267
6021145596,188359075645,2025-12-24,20408,20436,20416,20384,20439,20442,20442,20416,20428,20420,20440,20401,20230,0.989629
6021145596,188359075885,2025-12-18,182558,182992,182422,182080,183603,183723,183683,181866,183344,183595,183640,183086,176913,0.962902
6021145596,188359075885,2025-12-20,196465,196633,196307,195920,197017,197133,197128,195924,196871,196952,197043,196672,192471,0.976331
6117086388,187736038042,2025-11-14,99866,99365,99580,99814,99953,99964,99964,99537,99848,99955,99960,99899,98469,0.984995
1068691411,193473365491,2025-11-26,61,61,61,61,61,61,61,61,61,61,61,61,61,0.99999
1068691411,193473365491,2025-11-14,122,122,122,122,122,122,122,122,122,122,122,122,122,0.99999
6117086388,186228928316,2025-10-25,48658,48764,48721,48628,48783,48790,48783,48629,48785,48774,48775,48764,48188,0.987621
6117086388,185681161146,2025-10-29,61213,61292,61285,61206,61336,61341,61340,61260,61336,61328,61340,61302,60847,0.991947
6117086388,999,2025-11-19,81,81,80,82,82,82,82,80,82,82,82,81,76,0.926829
6117086388,187736038042,2025-10-17,92141,92360,91907,92183,92427,92442,92435,92261,92418,92435,92425,92382,91019,0.984585
6117086388,187736038042,2025-11-03,74972,74914,74768,74820,75000,75009,75002,74710,74971,75000,75001,74903,74120,0.988122
6117086388,187736038042,2025-11-30,220233,219665,219090,219927,220329,220346,220300,218859,220083,220349,220334,220191,216280,0.98152
1068691411,196291455508,2025-11-17,19581,19581,19581,19581,19581,19581,19581,19581,19581,19581,19581,19581,19581,0.99999
6117086388,187736038042,2025-12-25,127786,127956,127807,127764,127940,127992,127987,127872,127935,127967,127989,127879,127018,0.992328
1068691411,999,2025-11-23,25,25,25,25,25,25,25,25,25,25,25,25,25,0.99999
6021145596,188359075805,2025-12-16,81639,81819,81526,81690,81892,81932,81931,81588,81819,81868,81836,81662,80199,0.978824
6117086388,187144642938,2025-12-04,627,620,613,625,629,629,629,615,621,629,627,626,589,0.936407
6117086388,186228928316,2025-12-31,132203,132358,132278,131905,132398,132419,132404,132166,132386,132415,132399,132306,131155,0.99044
6021145596,189902476939,2025-12-16,284792,285999,284846,285420,286161,286296,286273,284309,285692,286204,286016,285003,278844,0.973957
6117086388,186228928316,2025-10-22,42399,42535,42480,42440,42552,42559,42555,42446,42550,42553,42550,42528,42039,0.987782
6117086388,186228928316,2025-10-18,228846,229358,228944,228928,229404,229461,229456,228740,229405,229416,229429,229300,226764,0.988212
6117086388,189766852293,2025-12-20,88272,88316,88242,88178,88363,88374,88370,88312,88361,88365,88367,88317,87788,0.993369
6117086388,189766852293,2025-12-19,80981,81020,80969,80876,81046,81062,81061,81013,81038,81057,81053,81002,80536,0.993499
6117086388,187144642938,2025-12-13,1565,1563,1558,1568,1569,1571,1571,1557,1565,1571,1571,1562,1527,0.971992
6117086388,187736038042,2025-10-26,12588,12627,12610,12601,12631,12633,12614,12616,12629,12626,12622,12622,12467,0.98686
6117086388,185681161146,2025-11-04,93814,93614,93599,93537,93890,93898,93893,93602,93855,93896,93883,93741,92627,0.986464
6117086388,187144642938,2025-11-27,438,438,435,441,441,441,441,434,438,441,441,437,421,0.954649
6117086388,186228928316,2025-11-23,135819,135443,135442,135579,135923,135955,135951,135198,135732,135942,135911,135757,133584,0.982553
6021145596,189902476979,2025-12-18,402685,403707,402845,402445,403655,403898,403893,402771,403180,403797,403795,403484,398129,0.985702
6117086388,186228928316,2025-10-09,122367,122822,122656,122573,122889,122930,122928,122166,122892,122913,122887,122803,120729,0.982064
6117086388,186228928316,2025-12-12,130122,130544,130429,130361,130602,130644,130641,130256,130501,130624,130634,130565,128996,0.98737
1068691411,193473365491,2025-11-24,68,68,68,68,68,68,68,68,68,68,68,68,68,0.99999
6117086388,186228928316,2025-11-26,100436,100286,100266,100354,100489,100511,100506,100010,100421,100501,100499,100441,99291,0.987852
6117086388,999,2025-10-17,350210,350820,349846,350051,350941,351017,351002,350175,350905,351000,350939,350830,346834,0.988066
6117086388,999,2025-12-10,140842,140669,140691,140968,141132,141151,141148,140732,140904,141147,141137,140836,139159,0.98588
6117086388,999,2025-10-16,389826,390395,389788,389316,390508,390595,390559,389851,390502,390561,390529,390413,386620,0.989795
6117086388,999,2025-11-16,128399,126625,127838,128113,128433,128442,128366,127820,128285,128436,128437,127274,125138,0.974261
6117086388,999,2025-10-09,304292,305300,304717,304616,305500,305568,305554,304398,305468,305472,305511,305271,300658,0.983909
6021145596,999,2025-12-16,199657,199232,198539,198749,200932,201160,201002,196084,200084,200987,201022,199635,187583,0.932488
6117086388,999,2025-10-21,271011,271860,270453,271543,272030,272112,272100,271434,272023,272087,272064,271951,267751,0.983963
6117086388,999,2025-12-16,315116,315473,315133,315024,315594,315658,315651,314995,315289,315602,315629,315486,312685,0.990566
6117086388,999,2025-10-13,498238,499184,498577,497962,499365,499466,499334,498518,499355,499376,499381,498871,493816,0.988664
6117086388,999,2025-11-15,475542,473951,472405,474784,475753,475823,475756,472935,474920,475789,475790,475179,466897,0.981233
6117086388,999,2025-11-17,375334,373645,374370,374177,375717,375768,375720,373303,374452,375745,375722,374602,366869,0.976292
